player,name,avatar,rank,title,country,rating,games_played_recent,wins_recent,draws_recent,losses_recent,games_played_total,wins_total,draws_total,losses_total,avg_score,country_code,flag_url
0gZPanda,Anthony He,https://images.chesscomfiles.com/uploads/v1/user/73320100.1d4e560c.200x200o.b8fd2b3db995.png,12,IM,United States,3179,120,66,17,37,5471,2926,552,1993,0.6208333333333333,united states,https://flagcdn.com/h20/united states.png
A-Adly,Ahmed Adly,https://images.chesscomfiles.com/uploads/v1/user/43349734.452f442f.200x200o.7d507c9ece41.jpeg,128,GM,Egypt,3026,85,50,8,27,1151,655,95,401,0.6352941176470588,egypt,https://flagcdn.com/h20/egypt.png
Adham_Fawzy,Adham Fawzy,https://images.chesscomfiles.com/uploads/v1/user/34686420.3d199bd9.200x200o.6eb68fe8fa35.jpg,139,GM,Palestine,3016,241,125,19,97,7779,3519,816,3444,0.558091286307054,palestine,https://flagcdn.com/h20/palestine.png
AhmadzadaA,Ahmad Ahmadzada,https://images.chesscomfiles.com/uploads/v1/user/80869416.3740688e.200x200o.e1635158bd10.jpg,249,GM,Azerbaijan,2961,8,0,2,6,2055,979,295,781,0.125,azerbaijan,https://flagcdn.com/h20/azerbaijan.png
AlexKhripachenko,Alexander Khripachenko,https://images.chesscomfiles.com/uploads/v1/user/158633967.1ea85782.200x200o.98a97822b40c.jpeg,194,IM,Russia,2998,95,46,9,40,2452,1302,205,945,0.531578947368421,russia,https://flagcdn.com/h20/russia.png
AlmasRakhmatullaev,Almas Rakhmatullaev,https://images.chesscomfiles.com/uploads/v1/user/277330711.f72c2a5a.200x200o.d889eddc7963.jpg,221,IM,Uzbekistan,2979,333,176,20,137,2499,1257,229,1013,0.5585585585585585,uzbekistan,https://flagcdn.com/h20/uzbekistan.png
Andreikka,Andrey Esipenko,https://images.chesscomfiles.com/uploads/v1/user/10767030.b20746db.200x200o.6172f1b0095c.jpg,40,GM,Russia,3130,81,40,7,34,4033,2207,473,1353,0.5370370370370371,russia,https://flagcdn.com/h20/russia.png
Angry_Twin,Andrey Drygalov,https://images.chesscomfiles.com/uploads/v1/user/8432242.c8277843.200x200o.770889ed5f0c.jpeg,98,GM,Japan,3046,264,122,38,104,7645,4081,810,2754,0.5340909090909091,japan,https://flagcdn.com/h20/japan.png
AnishGiri,Anish Giri,https://images.chesscomfiles.com/uploads/v1/user/22252178.d8dff8c3.200x200o.8375b4cb1335.jpeg,23,GM,Netherlands,3147,56,31,3,22,867,507,168,192,0.5803571428571429,netherlands,https://flagcdn.com/h20/netherlands.png
Annawel,Jules Moussard,https://images.chesscomfiles.com/uploads/v1/user/28651376.85a13f46.200x200o.f677ee063d8f.jpg,100,GM,France,3045,93,47,8,38,4992,2848,493,1651,0.5483870967741935,france,https://flagcdn.com/h20/france.png
Antipov_Mikhail_Al,Mikhail Antipov,https://images.chesscomfiles.com/uploads/v1/user/28435214.6de7dd6c.200x200o.7687f7b89e34.jpeg,158,GM,United States,3008,63,29,6,28,5392,3133,453,1806,0.5079365079365079,united states,https://flagcdn.com/h20/united states.png
Anton_Demchenko,Anton Demchenko,https://images.chesscomfiles.com/uploads/v1/user/17050352.e2fb0eda.200x200o.fda52c12016b.jpeg,202,GM,Slovenia,2994,421,192,56,173,15035,7720,1719,5596,0.5225653206650831,slovenia,https://flagcdn.com/h20/slovenia.png
Arfan48,Aditya Bagus Arfan,https://images.chesscomfiles.com/uploads/v1/user/78986426.d3df4f98.200x200o.f94a5526c3c2.jpeg,180,IM,Indonesia,3001,262,113,28,121,819,466,88,265,0.4847328244274809,indonesia,https://flagcdn.com/h20/indonesia.png
Arseniy_Nesterov,Arseniy Nesterov,https://images.chesscomfiles.com/uploads/v1/user/34432694.149253ed.200x200o.1340aee2dba2.jpeg,22,GM,Russia,3148,99,40,16,43,6904,3622,853,2429,0.4848484848484848,russia,https://flagcdn.com/h20/russia.png
AryanTari,Aryan Tari,https://images.chesscomfiles.com/uploads/v1/user/7684272.0118d03b.200x200o.e67cf149de86.jpg,120,GM,Norway,3032,153,76,13,64,8844,5049,859,2936,0.5392156862745098,norway,https://flagcdn.com/h20/norway.png
AsadliVugar,Vugar Asadli,https://images.chesscomfiles.com/uploads/v1/user/58142156.2118e56e.200x200o.7b5bf9121670.jpg,210,GM,Azerbaijan,2990,5,3,0,2,6761,3659,719,2383,0.6,azerbaijan,https://flagcdn.com/h20/azerbaijan.png
Azerichess,Shakhriyar Mamedyarov,https://images.chesscomfiles.com/uploads/v1/user/47865732.2ed84ac2.200x200o.8d99198ff5dd.jpeg,61,GM,Azerbaijan,3094,8,5,2,1,1755,954,258,543,0.75,azerbaijan,https://flagcdn.com/h20/azerbaijan.png
Baag4Life,Tugstumur Yesuntumur,https://images.chesscomfiles.com/uploads/v1/user/415657451.90bab5c2.200x200o.3d1fd5eded99.jpg,228,FM,Mongolia,2976,1211,553,138,520,2228,1038,267,923,0.5136251032204789,mongolia,https://flagcdn.com/h20/mongolia.png
Baku_Boulevard,Rauf Mamedov,https://images.chesscomfiles.com/uploads/v1/user/137706882.0ca988e2.200x200o.e0649ae91b4c.jpeg,20,GM,Ukraine,3155,71,30,12,29,2022,1131,308,583,0.5070422535211268,ukraine,https://flagcdn.com/h20/ukraine.png
BardArtem,Artem Bardyk,,236,FM,International,2972,1288,620,135,533,7324,3706,763,2855,0.5337732919254659,international,https://flagcdn.com/h20/international.png
Bauman_Guy,Konstantin Popov,https://images.chesscomfiles.com/uploads/v1/user/294649525.ae81899d.200x200o.2c6b63fb915c.webp,138,IM,International,3018,117,56,18,43,2800,1393,355,1052,0.5555555555555556,international,https://flagcdn.com/h20/international.png
Beca95,Aleksandar Indjic,https://images.chesscomfiles.com/uploads/v1/user/17624806.097e54f8.200x200o.b87e774bef37.jpeg,107,GM,Serbia,3038,291,132,31,128,8797,4974,979,2844,0.506872852233677,serbia,https://flagcdn.com/h20/serbia.png
Bigfish1995,Vladimir Fedoseev,https://images.chesscomfiles.com/uploads/v1/user/26303484.dc192fa5.200x200o.d771643b19ed.jpeg,26,GM,Slovenia,3145,102,53,12,37,13213,6983,1489,4741,0.5784313725490197,slovenia,https://flagcdn.com/h20/slovenia.png
BlueWizzard,Denes Boros,https://images.chesscomfiles.com/uploads/v1/user/28208046.cde294a6.200x200o.60d6a5143f18.jpeg,216,GM,United States,2985,48,26,2,20,10215,6455,710,3050,0.5625,united states,https://flagcdn.com/h20/united states.png
BogdanDeac,Bogdan Daniel Deac,,99,GM,Romania,3045,333,140,61,132,14435,7812,2309,4314,0.512012012012012,romania,https://flagcdn.com/h20/romania.png
Brewington_Hardaway,Brewington Hardaway,https://images.chesscomfiles.com/uploads/v1/user/442163159.f5cc0fc6.200x200o.8822503a743b.jpg,55,GM,United States,3102,123,49,17,57,910,555,97,258,0.4674796747967479,united states,https://flagcdn.com/h20/united states.png
Cayse,Martyn Kravtsiv,,137,GM,Ukraine,3019,150,71,12,67,2757,1657,249,851,0.5133333333333333,ukraine,https://flagcdn.com/h20/ukraine.png
Chef_Zohid,Mukhammadzokhid Suyarov,https://images.chesscomfiles.com/uploads/v1/user/211100997.5df48afb.200x200o.187fe06e8227.jpg,48,IM,Uzbekistan,3116,171,82,15,74,2879,1387,311,1181,0.5233918128654971,uzbekistan,https://flagcdn.com/h20/uzbekistan.png
Chefshouse,Ding Liren,https://images.chesscomfiles.com/uploads/v1/user/55459850.9ab17dd9.200x200o.dd5bf1548fea.png,44,GM,China,3120,2,1,0,1,517,263,73,181,0.5,china,https://flagcdn.com/h20/china.png
ChessBrah,Chessbrah TV,https://images.chesscomfiles.com/uploads/v1/user/2555939.974bf39b.200x200o.b79b105ffb0e.png,117,GM,Canada,3034,213,101,16,96,15880,12297,630,2953,0.5117370892018779,canada,https://flagcdn.com/h20/canada.png
ChessFighter_2011,Dau Khuong Duy,https://images.chesscomfiles.com/uploads/v1/user/44760408.7e2bb432.200x200o.32acd45c00e9.jpg,90,IM,Vietnam,3051,25,13,0,12,4361,2205,406,1750,0.52,vietnam,https://flagcdn.com/h20/vietnam.png
ChessLover0108,Mahammad Muradli,https://images.chesscomfiles.com/uploads/v1/user/63541650.89a498c1.200x200o.d3849ba0727a.jpeg,63,GM,Azerbaijan,3090,22,9,3,10,3940,2261,283,1396,0.4772727272727273,azerbaijan,https://flagcdn.com/h20/azerbaijan.png
ChessMaster2011_1,Jake Shanty,,73,FM,India,3079,1411,654,164,593,1893,788,226,879,0.5216158752657689,india,https://flagcdn.com/h20/india.png
ChessSharkz,Kayden Troff,https://images.chesscomfiles.com/uploads/v1/user/286274185.b5bb91c4.200x200o.41ca5ec46c40.png,143,GM,United States,3015,373,186,11,176,6173,4542,308,1323,0.5134048257372654,united states,https://flagcdn.com/h20/united states.png
ChessWarrior7197,Nodirbek Abdusattorov,https://images.chesscomfiles.com/uploads/v1/user/12709942.6e2e1d11.200x200o.ac217f38d8b4.png,32,GM,Uzbekistan,3140,14,5,0,9,3953,2110,508,1335,0.3571428571428571,uzbekistan,https://flagcdn.com/h20/uzbekistan.png
Chopper1905,Mustafa Yilmaz,https://images.chesscomfiles.com/uploads/v1/user/17393968.52f21455.200x200o.54cc1183e12c.jpeg,141,GM,Türkiye,3016,128,69,14,45,7787,4769,591,2427,0.59375,türkiye,https://flagcdn.com/h20/türkiye.png
ChristopherYoo,Christopher Woojin Yoo,,52,GM,Tuvalu,3106,140,65,16,59,14534,8901,1740,3893,0.5214285714285715,tuvalu,https://flagcdn.com/h20/tuvalu.png
DanielDardha2005,Daniel Dardha,https://images.chesscomfiles.com/uploads/v1/user/59659234.bd86d72b.200x200o.e4668604f956.jpg,95,GM,Belgium,3048,16,8,3,5,4049,2045,566,1438,0.59375,belgium,https://flagcdn.com/h20/belgium.png
DanielNaroditsky,Daniel Naroditsky,https://images.chesscomfiles.com/uploads/v1/user/1715324.840b7522.200x200o.b79dde86ff74.jpg,82,GM,United States,3066,2819,1328,280,1211,68469,39824,7793,20852,0.5207520397304009,united states,https://flagcdn.com/h20/united states.png
DavidGavrilescu18,David Gavrilescu,,175,GM,Romania,3003,27,13,2,12,345,225,25,95,0.5185185185185185,romania,https://flagcdn.com/h20/romania.png
DenLaz,Denis Lazavik,https://images.chesscomfiles.com/uploads/v1/user/34145346.088fe903.200x200o.497edc350e6a.webp,7,GM,Belarus,3225,74,30,12,32,4593,2761,718,1114,0.4864864864864865,belarus,https://flagcdn.com/h20/belarus.png
Denis_Makhnyov,Denis Makhnev,https://images.chesscomfiles.com/uploads/v1/user/35293662.6fd5cae9.200x200o.4784b2e11dd7.jpeg,104,GM,Kazakhstan,3041,21,11,4,6,5081,2584,498,1999,0.6190476190476191,kazakhstan,https://flagcdn.com/h20/kazakhstan.png
DevikBronstein,Karthik Venkataraman,https://images.chesscomfiles.com/uploads/v1/user/14216420.de7041aa.200x200o.97a6c6334a84.jpeg,114,GM,India,3035,124,55,21,48,2996,1456,338,1202,0.5282258064516129,india,https://flagcdn.com/h20/india.png
Dolphin_2010,Aleksandr Usov,,223,FM,Russia,2978,167,79,19,69,923,567,61,295,0.5299401197604791,russia,https://flagcdn.com/h20/russia.png
DominguezOnYoutube,Leinier Dominguez Perez,https://images.chesscomfiles.com/uploads/v1/user/19314948.b56efd36.200x200o.235173174298.jpeg,88,GM,United States,3057,40,18,6,16,2867,1580,446,841,0.525,united states,https://flagcdn.com/h20/united states.png
DonkyDonkyDonkey,Eray Kilic,https://images.chesscomfiles.com/uploads/v1/user/91017348.428335c2.200x200o.934bc5454feb.png,131,IM,Türkiye,3023,11,5,1,5,3414,1797,318,1299,0.5,türkiye,https://flagcdn.com/h20/türkiye.png
DrVelja,Velimir Ivic,https://images.chesscomfiles.com/uploads/v1/user/30508854.1c0e1c62.200x200o.e201b6d73ebf.jpeg,201,GM,Serbia,2994,61,31,1,29,5206,2833,461,1912,0.5163934426229508,serbia,https://flagcdn.com/h20/serbia.png
Dr_Tyger,Haowen Xue,https://images.chesscomfiles.com/uploads/v1/user/32846088.4675dbe3.200x200o.da049ec03532.jpg,157,GM,China,3009,577,245,86,246,7939,4373,766,2800,0.4991334488734835,china,https://flagcdn.com/h20/china.png
DrawDenied-Twitch,,https://images.chesscomfiles.com/uploads/v1/user/48088354.18edd5f0.200x200o.6085620f4439.png,167,GM,Germany,3004,1,0,0,1,12420,6852,1011,4557,0.0,germany,https://flagcdn.com/h20/germany.png
Duhless,Daniil Dubov,https://images.chesscomfiles.com/uploads/v1/user/10174260.4865a6da.200x200o.6932fffcda21.png,102,GM,Russia,3043,479,236,49,194,11847,6956,1549,3342,0.5438413361169102,russia,https://flagcdn.com/h20/russia.png
Durarbayli,Vasif Durarbayli,https://images.chesscomfiles.com/uploads/v1/user/22451396.6b34ada1.200x200o.a84dad18ca35.jpg,217,GM,Azerbaijan,2982,243,122,26,95,7656,4135,755,2766,0.5555555555555556,azerbaijan,https://flagcdn.com/h20/azerbaijan.png
Ehsan_GhaemMaghami,Ehsan GhaemMaghami (IRI),https://images.chesscomfiles.com/uploads/v1/user/30385404.c3ca4899.200x200o.119d9ec8aa96.jpeg,134,GM,Iran,3023,2,1,1,0,9119,4300,1180,3639,0.75,iran,https://flagcdn.com/h20/iran.png
Elsa167,Leon Livaic,https://images.chesscomfiles.com/uploads/v1/user/289512151.1567975a.200x200o.50bf6aadfb20.jpg,230,GM,Croatia,2976,711,344,91,276,4204,2116,500,1588,0.5478199718706048,croatia,https://flagcdn.com/h20/croatia.png
Erebuni_is_back,Erik R. Gasparyan,,243,IM,Armenia,2965,183,84,14,85,1015,579,114,322,0.4972677595628415,armenia,https://flagcdn.com/h20/armenia.png
FGHSMN,Bharath Subramaniyam.H Harishankkar,https://images.chesscomfiles.com/uploads/v1/user/15872054.44079fd0.200x200o.aa11a0d8662b.jpeg,211,GM,India,2990,159,64,18,77,10800,5851,843,4106,0.4591194968553459,india,https://flagcdn.com/h20/india.png
FabianoCaruana,Fabiano Caruana,https://images.chesscomfiles.com/uploads/v1/user/11177810.9dfc8d31.200x200o.9a9eccebc07c.png,38,GM,United States,3131,89,39,9,41,3907,2672,470,765,0.4887640449438202,united states,https://flagcdn.com/h20/united states.png
FairChess_on_YouTube,Dmitry Andreikin,https://images.chesscomfiles.com/uploads/v1/user/14498226.8202a36e.200x200o.1fe2de7e5eaa.jpeg,10,GM,Georgia,3198,556,257,81,218,7756,4886,1259,1611,0.5350719424460432,georgia,https://flagcdn.com/h20/georgia.png
Fandorine,Maksim Chigaev,https://images.chesscomfiles.com/uploads/v1/user/21261072.f754bfbe.200x200o.fba6423ad54f.jpg,75,GM,Spain,3077,54,17,13,24,5589,3334,719,1536,0.4351851851851852,spain,https://flagcdn.com/h20/spain.png
FaustinoOro,Faustino Oro,https://images.chesscomfiles.com/uploads/v1/user/80994690.b4cf9a71.200x200o.14ae099ead7c.jpg,42,IM,Argentina,3127,374,186,33,155,13067,6768,1032,5267,0.5414438502673797,argentina,https://flagcdn.com/h20/argentina.png
Firouzja2003,Alireza Firouzja,https://images.chesscomfiles.com/uploads/v1/user/42022994.2c7a0722.200x200o.3088f5180d8d.jpg,3,GM,France,3268,128,65,11,52,14303,7959,1776,4568,0.55078125,france,https://flagcdn.com/h20/france.png
FormerProdigy,David Navara,https://images.chesscomfiles.com/uploads/v1/user/52897514.99552f3c.200x200o.cb4cdc4e580b.jpg,185,GM,Czech Republic,3000,71,32,18,21,1591,957,221,413,0.5774647887323944,czech republic,https://flagcdn.com/h20/czech republic.png
GHANDEEVAM2003,Arjun Erigaisi,https://images.chesscomfiles.com/uploads/v1/user/20718020.b93b0dad.200x200o.ce63c2b5ea24.jpeg,15,GM,India,3170,90,36,14,40,8738,4754,1021,2963,0.4777777777777778,india,https://flagcdn.com/h20/india.png
GMAkobianSTL,Varuzhan Akobian,https://images.chesscomfiles.com/uploads/v1/user/32117466.51af4bc5.200x200o.d19b5815cbe5.jpeg,181,GM,United States,3001,282,140,36,106,2515,1349,308,858,0.5602836879432624,united states,https://flagcdn.com/h20/united states.png
GMBenjaminBok,Benjamin Bok,https://images.chesscomfiles.com/uploads/v1/user/3958391.1ca1273c.200x200o.b3509401e9cf.jpeg,91,GM,Netherlands,3051,364,162,50,152,14263,10314,1480,2469,0.5137362637362637,netherlands,https://flagcdn.com/h20/netherlands.png
GM_dmitrij,Dmitrij Kollars,https://images.chesscomfiles.com/uploads/v1/user/27181148.59e377d4.200x200o.e1501882ef88.jpeg,47,GM,Germany,3117,693,342,60,291,38031,21502,3776,12753,0.5367965367965368,germany,https://flagcdn.com/h20/germany.png
GMharikrishna,Harikrishna Pentala,https://images.chesscomfiles.com/uploads/v1/user/5255781.53d5e5b5.200x200o.d1a485c606d3.jpeg,121,GM,India,3031,6,1,1,4,1835,785,265,785,0.25,india,https://flagcdn.com/h20/india.png
GOGIEFF,Anton Korobov,https://images.chesscomfiles.com/uploads/v1/user/36736170.73910956.200x200o.bafa0b93568d.jpeg,124,GM,Ukraine,3029,9,5,1,3,1867,1178,196,493,0.6111111111111112,ukraine,https://flagcdn.com/h20/ukraine.png
GeorgMeier,Georg Meier,https://images.chesscomfiles.com/uploads/v1/user/10342812.4e808745.200x200o.61963b09412e.jpg,152,GM,Uruguay,3011,530,231,88,211,8579,4336,1397,2846,0.5188679245283019,uruguay,https://flagcdn.com/h20/uruguay.png
GigaQuparadze,Giga Quparadze,https://images.chesscomfiles.com/uploads/v1/user/44629086.18a299eb.200x200o.41e140ad6097.jpeg,81,GM,Georgia,3072,63,29,11,23,14884,7793,1906,5185,0.5476190476190477,georgia,https://flagcdn.com/h20/georgia.png
GogiaMetutune,Davit Benidze,https://images.chesscomfiles.com/uploads/v1/user/164493581.c2b7d177.200x200o.3a2280cfb6f0.jpg,136,GM,Georgia,3020,841,391,88,362,1811,1012,182,617,0.5172413793103449,georgia,https://flagcdn.com/h20/georgia.png
Gordima,Dmitry Gordievsky,https://images.chesscomfiles.com/uploads/v1/user/29689718.c4ff364a.200x200o.1208fa512a0c.jpg,140,GM,International,3016,11,2,0,9,3167,1677,322,1168,0.1818181818181818,international,https://flagcdn.com/h20/international.png
Grandelicious,Nils Grandelius,https://images.chesscomfiles.com/uploads/v1/user/32314690.9e2656c9.200x200o.66767f521b22.jpeg,57,GM,Sweden,3101,44,24,2,18,2182,1319,263,600,0.5681818181818182,sweden,https://flagcdn.com/h20/sweden.png
Grischuk,Alexander Grischuk,https://images.chesscomfiles.com/uploads/v1/user/26897358.10f64fa8.200x200o.634d3db4ddc2.jpeg,45,GM,Russia,3120,121,62,17,42,2891,1572,606,713,0.5826446280991735,russia,https://flagcdn.com/h20/russia.png
GroovyKettle,Robby Kevlishvili,https://images.chesscomfiles.com/uploads/v1/user/59926606.301c94a5.200x200o.fa9353df6338.jpg,115,GM,Netherlands,3034,167,72,23,72,6705,2891,940,2874,0.5,netherlands,https://flagcdn.com/h20/netherlands.png
GukeshDommaraju,Gukesh D,https://images.chesscomfiles.com/uploads/v1/user/40996222.a634fe54.200x200o.391c8e0a4b0b.jpeg,71,GM,India,3080,22,13,0,9,3684,1959,272,1453,0.5909090909090909,india,https://flagcdn.com/h20/india.png
HVillagra,Cristobal Henriquez,,169,GM,Chile,3004,56,20,7,29,6473,3221,677,2575,0.4196428571428571,chile,https://flagcdn.com/h20/chile.png
HansOnTwitch,Hans Niemann,,33,GM,United States,3138,94,47,6,41,4849,2696,583,1570,0.5319148936170213,united states,https://flagcdn.com/h20/united states.png
Harsha_Bharathakoti,Harsha Bharathakoti,https://images.chesscomfiles.com/uploads/v1/user/39248048.23d6faa1.200x200o.578a16bfec10.jpeg,87,GM,India,3059,185,89,29,67,4626,2618,506,1502,0.5594594594594594,india,https://flagcdn.com/h20/india.png
Hatsummei,Erdem Khubukshanov,,208,IM,Russia,2991,152,71,10,71,3628,1764,272,1592,0.5,russia,https://flagcdn.com/h20/russia.png
Hikaru,Hikaru Nakamura,https://images.chesscomfiles.com/uploads/v1/user/15448422.88c010c1.200x200o.3c5619f5441e.png,1,GM,United States,3395,1242,608,54,580,43183,33786,4106,5291,0.5112721417069244,united states,https://flagcdn.com/h20/united states.png
Igor_Janik,Igor Janik,,129,GM,Poland,3025,390,189,37,164,12440,6538,1355,4547,0.532051282051282,poland,https://flagcdn.com/h20/poland.png
Indianlad,S.L. Narayanan,https://images.chesscomfiles.com/uploads/v1/user/6412751.202b53d4.200x200o.22e08c6a1173.jpeg,51,GM,India,3111,29,14,1,14,13424,7035,1619,4770,0.5,india,https://flagcdn.com/h20/india.png
Jagadeesh_Siddharth,Jagadeesh Siddharth,,176,GM,Singapore,3002,86,41,8,37,1810,901,238,671,0.5232558139534884,singapore,https://flagcdn.com/h20/singapore.png
JaloliddinIlkhomi,Jaloliddin Ilkhomi,https://images.chesscomfiles.com/uploads/v1/user/55630278.01a16984.200x200o.fa8f9648aeba.jpg,177,FM,Tajikistan,3002,447,222,31,194,7362,2977,758,3627,0.5313199105145414,tajikistan,https://flagcdn.com/h20/tajikistan.png
Javokhir_Sindarov05,Javokhir Sindarov,https://images.chesscomfiles.com/uploads/v1/user/330779979.94d8134b.200x200o.1e0c8c8f4314.jpg,17,GM,Uzbekistan,3156,115,51,6,58,865,574,85,206,0.4695652173913043,uzbekistan,https://flagcdn.com/h20/uzbekistan.png
Jospem,Jose Martinez,https://images.chesscomfiles.com/uploads/v1/user/26867272.ae9f1c80.200x200o.8b42d2759267.jpg,69,GM,Mexico,3083,403,173,61,169,31916,20666,3452,7798,0.5049627791563276,mexico,https://flagcdn.com/h20/mexico.png
Jumbo,Rinat Jumabayev,https://images.chesscomfiles.com/uploads/v1/user/30836974.73be56b8.200x200o.40c4c523ae13.jpg,83,GM,Kazakhstan,3065,245,108,26,111,9306,4812,802,3692,0.4938775510204081,kazakhstan,https://flagcdn.com/h20/kazakhstan.png
KNVB,Aman Hambleton,https://images.chesscomfiles.com/uploads/v1/user/4381685.e8cd3231.200x200o.7059a854e000.png,133,GM,Canada,3023,23,16,0,7,27357,19064,1516,6777,0.6956521739130435,canada,https://flagcdn.com/h20/canada.png
Kacparov,Kacper Drozdowski,https://images.chesscomfiles.com/uploads/v1/user/1784023.7763d589.200x200o.5bc4233aef8a.jpeg,101,IM,Poland,3044,118,49,26,43,3284,1834,576,874,0.5254237288135594,poland,https://flagcdn.com/h20/poland.png
KazakhFighter04,Kazybek Nogerbek,https://images.chesscomfiles.com/uploads/v1/user/53185532.bb104efa.200x200o.f6ab82129db8.jpg,72,GM,Kazakhstan,3079,46,28,5,13,3710,2100,480,1130,0.6630434782608695,kazakhstan,https://flagcdn.com/h20/kazakhstan.png
Keranke,Vladimir Seliverstov,https://images.chesscomfiles.com/uploads/v1/user/3958177.42a547c6.200x200o.e3c1cfaaf4aa.jpeg,199,IM,Russia,2995,593,277,51,265,15927,7770,1305,6852,0.5101180438448567,russia,https://flagcdn.com/h20/russia.png
KhalilMousavi98,Khalil Mousavi,https://images.chesscomfiles.com/uploads/v1/user/67946542.d046ba14.200x200o.60aeda1b65d4.jpeg,183,GM,Iran,3000,211,96,12,103,727,404,60,263,0.4834123222748815,iran,https://flagcdn.com/h20/iran.png
KogotBobra17,Egor Koshulyan,https://images.chesscomfiles.com/uploads/v1/user/50323276.634ccbf5.200x200o.ae7d22e417cd.jpg,156,FM,Russia,3009,66,35,3,28,3522,1922,276,1324,0.553030303030303,russia,https://flagcdn.com/h20/russia.png
Konavets,Sam Sevian,https://images.chesscomfiles.com/uploads/v1/user/8829034.6d90a567.200x200o.60d12a06fdce.jpeg,60,GM,United States,3095,162,79,14,69,7842,4703,874,2265,0.5308641975308642,united states,https://flagcdn.com/h20/united states.png
Kopylov_Alex,Alexander Kopylov,,182,IM,Russia,3001,80,31,10,39,12026,6779,1133,4114,0.45,russia,https://flagcdn.com/h20/russia.png
Kosak12,Jakub Kosakowski,https://images.chesscomfiles.com/uploads/v1/user/17961558.975365b4.200x200o.e806b80204d3.jpg,224,GM,Poland,2978,138,66,11,61,3196,1936,262,998,0.5181159420289855,poland,https://flagcdn.com/h20/poland.png
LOVEVAE,Wei Yi,https://images.chesscomfiles.com/uploads/v1/user/27300798.d45796b6.200x200o.1368393c5c7f.jpeg,43,GM,China,3122,38,19,4,15,1262,741,172,349,0.5526315789473685,china,https://flagcdn.com/h20/china.png
LPSupi,Luis Paulo Supi,https://images.chesscomfiles.com/uploads/v1/user/11650164.da85056d.200x200o.67d7a22a745d.jpeg,46,GM,Brazil,3118,238,125,14,99,14105,7689,1486,4930,0.5546218487394958,brazil,https://flagcdn.com/h20/brazil.png
LastGladiator1,Aydin Suleymanli,https://images.chesscomfiles.com/uploads/v1/user/43302154.b1fadc2d.200x200o.0bf1bd78b310.jpg,106,GM,Azerbaijan,3039,18,9,2,7,3113,1620,230,1263,0.5555555555555556,azerbaijan,https://flagcdn.com/h20/azerbaijan.png
LevonAronian,Levon Aronian,https://images.chesscomfiles.com/uploads/v1/user/26897402.07482c01.200x200o.aafdac4f4570.jpeg,53,GM,United States,3104,74,34,4,36,676,389,120,167,0.4864864864864865,united states,https://flagcdn.com/h20/united states.png
LiamPutnam2008,Liam Putnam,https://images.chesscomfiles.com/uploads/v1/user/66246790.0974c6be.200x200o.ca4061734cbc.jpg,54,IM,United States,3103,255,125,31,99,8995,4489,844,3662,0.5509803921568628,united states,https://flagcdn.com/h20/united states.png
LiemLe,Liem Le,https://images.chesscomfiles.com/uploads/v1/user/13579258.d450eea1.200x200o.c0ae4730150d.jpeg,84,GM,Vietnam,3064,27,14,3,10,2313,1419,344,550,0.5740740740740741,vietnam,https://flagcdn.com/h20/vietnam.png
LionTheLeon_06,Leon Luke Mendonca,https://images.chesscomfiles.com/uploads/v1/user/17559352.96fc1734.200x200o.a26f91e53b90.jpg,145,GM,Antigua/Barbuda,3014,26,15,2,9,3377,1766,389,1222,0.6153846153846154,barbuda,https://flagcdn.com/h20/barbuda.png
Lunaticx,Peter Michalik,https://images.chesscomfiles.com/uploads/v1/user/35096384.b68d4c93.200x200o.3db4edcffbeb.jpg,119,GM,Czech Republic,3033,144,67,29,48,13845,6191,1921,5733,0.5659722222222222,czech republic,https://flagcdn.com/h20/czech republic.png
LyonBeast,Maxime Vachier-Lagrave,https://images.chesscomfiles.com/uploads/v1/user/17306408.203effc9.200x200o.34baf459f6b7.jpg,4,GM,France,3249,46,24,7,15,3345,2092,507,746,0.5978260869565217,france,https://flagcdn.com/h20/france.png
MITerryble,Renato Terry,,92,IM,Peru,3051,533,224,70,239,18411,13138,2269,3004,0.4859287054409005,peru,https://flagcdn.com/h20/peru.png
M_asp009,Miraziz Matyakubov,https://images.chesscomfiles.com/uploads/v1/user/416901451.247ba1f8.200x200o.13a15eb08950.webp,226,CM,Uzbekistan,2977,501,222,59,220,1956,806,192,958,0.501996007984032,uzbekistan,https://flagcdn.com/h20/uzbekistan.png
Macho_2006,Mukhiddin Madaminov,https://images.chesscomfiles.com/uploads/v1/user/63055550.a3d39a05.200x200o.d9a4d402fa29.png,66,GM,Uzbekistan,3086,145,71,15,59,4467,2288,383,1796,0.5413793103448276,uzbekistan,https://flagcdn.com/h20/uzbekistan.png
MagnusCarlsen,Magnus Carlsen,https://images.chesscomfiles.com/uploads/v1/user/3889224.121e2094.200x200o.361c2f8a59c2.jpg,2,GM,Norway,3367,233,101,20,112,5591,4040,684,867,0.4763948497854077,norway,https://flagcdn.com/h20/norway.png
ManuDavid2910,Manu David,https://images.chesscomfiles.com/uploads/v1/user/6083387.50d22472.200x200o.6c0775b62af6.jpg,225,FM,India,2977,817,402,103,312,15635,7147,1183,7305,0.555079559363525,india,https://flagcdn.com/h20/india.png
Marcan2b,Marc-Andria Maurizzi,https://images.chesscomfiles.com/uploads/v1/user/20834848.e3728b61.200x200o.faa44a7ae22a.jpeg,197,GM,France,2996,11,5,1,5,12222,6475,823,4924,0.5,france,https://flagcdn.com/h20/france.png
MarkusRagger,Markus Ragger,https://images.chesscomfiles.com/uploads/v1/user/13684120.9f252ef4.200x200o.8e068caf0623.png,163,GM,Austria,3006,354,164,45,145,3214,1746,410,1058,0.5268361581920904,austria,https://flagcdn.com/h20/austria.png
MatthewG-p4p,Matvey Galchenko,https://images.chesscomfiles.com/uploads/v1/user/29547290.6cd46317.200x200o.378fbf2272a7.jpg,241,IM,Russia,2966,251,122,20,109,6489,3771,533,2185,0.5258964143426295,russia,https://flagcdn.com/h20/russia.png
MichaelRoiz,Michael Roiz,https://images.chesscomfiles.com/uploads/v1/user/28435172.90ee49b6.200x200o.d2bd6666967f.jpeg,34,GM,Israel,3138,236,107,38,91,18404,10181,3216,5007,0.5338983050847458,israel,https://flagcdn.com/h20/israel.png
MightyGMpretender,Antoni Kozak,https://images.chesscomfiles.com/uploads/v1/user/70328076.40aed1c9.200x200o.515542376ca3.png,171,NM,Poland,3003,1040,487,116,437,13050,6982,1156,4912,0.5240384615384616,poland,https://flagcdn.com/h20/poland.png
Mighty_Gladius16,,,220,,India,2980,51,22,8,21,1754,869,232,653,0.5098039215686274,india,https://flagcdn.com/h20/india.png
Mikhail_Bryakin,Mikhail Bryakin,https://images.chesscomfiles.com/uploads/v1/user/78150210.73649a82.200x200o.a16b381e1a0d.jpeg,240,GM,Serbia,2967,168,68,15,85,8965,4628,1230,3107,0.4494047619047619,serbia,https://flagcdn.com/h20/serbia.png
MolecularChemist,Dimitar Mardov,https://images.chesscomfiles.com/uploads/v1/user/65721014.9727a9f5.200x200o.52d8ac558f2a.jpg,214,IM,United States,2988,172,78,25,69,6026,3164,740,2122,0.5261627906976745,united states,https://flagcdn.com/h20/united states.png
MomchilPetkov,Momchil Petkov,https://images.chesscomfiles.com/uploads/v1/user/43570518.c48374af.200x200o.bdf294ad210c.jpg,179,GM,Bulgaria,3002,366,165,51,150,13928,6085,1076,6767,0.5204918032786885,bulgaria,https://flagcdn.com/h20/bulgaria.png
MoonlessMay05,Semyon Lomasov,,209,GM,Israel,2991,39,15,6,18,3953,2046,403,1504,0.4615384615384615,israel,https://flagcdn.com/h20/israel.png
MrLion3000,Isaak Parpiev,https://images.chesscomfiles.com/uploads/v1/user/45950756.8ce44717.200x200o.e6cc8353c88c.jpg,149,CM,International,3012,452,216,56,180,3612,1763,349,1500,0.5398230088495575,international,https://flagcdn.com/h20/international.png
MrTattaglia,Adam Kozak,https://images.chesscomfiles.com/uploads/v1/user/38994812.35a18e56.200x200o.cbd8dd2da800.jpg,103,GM,Hungary,3041,343,170,33,140,9560,4976,837,3747,0.543731778425656,hungary,https://flagcdn.com/h20/hungary.png
Msb2,Matthias Bluebaum,,79,GM,Germany,3075,543,237,69,237,16580,9975,1871,4734,0.5,germany,https://flagcdn.com/h20/germany.png
Mudinoss,Cyprian Mulawa,,186,FM,Poland,3000,167,81,27,59,1264,564,152,548,0.5658682634730539,poland,https://flagcdn.com/h20/poland.png
Murad_Ibrahimli,Murad İbrahimli,https://images.chesscomfiles.com/uploads/v1/user/52514278.c4698c50.200x200o.7c37ea27211d.png,178,IM,Azerbaijan,3002,558,249,71,238,23491,10846,2953,9692,0.5098566308243727,azerbaijan,https://flagcdn.com/h20/azerbaijan.png
Mykola-Bortnyk,Mykola Bortnyk,https://images.chesscomfiles.com/uploads/v1/user/35895346.3571bef9.200x200o.a1ca3885e2f9.png,76,IM,United States,3076,233,112,29,92,15974,7835,1825,6314,0.5429184549356223,united states,https://flagcdn.com/h20/united states.png
Nakachuk,Rahul Srivatshav P,https://images.chesscomfiles.com/uploads/v1/user/19133728.0be16d38.200x200o.c7848999cb4d.jpeg,193,GM,India,2998,10,6,1,3,3076,1538,261,1277,0.65,india,https://flagcdn.com/h20/india.png
NeoTerNemo,Alexey Grachev,https://images.chesscomfiles.com/uploads/v1/user/380140917.705f4e62.200x200o.ef5c39ea2cfb.jpg,144,IM,Russia,3014,59,24,11,24,787,456,59,272,0.5,russia,https://flagcdn.com/h20/russia.png
NikoTheodorou,Nikolas Theodorou,https://images.chesscomfiles.com/uploads/v1/user/108520120.b86cc966.200x200o.d85a0c84f2ae.jpg,13,GM,Greece,3178,198,90,21,87,8113,3844,1187,3082,0.5075757575757576,greece,https://flagcdn.com/h20/greece.png
Njal28,Aram Hakobyan,https://images.chesscomfiles.com/uploads/v1/user/103326926.0aaf388c.200x200o.5fbf19318d41.jpg,67,GM,Armenia,3085,89,45,8,36,6499,3043,893,2563,0.550561797752809,armenia,https://flagcdn.com/h20/armenia.png
OhanyanEminChess,Emin Ohanyan,https://images.chesscomfiles.com/uploads/v1/user/47687198.ae0851d2.200x200o.d1fe5fbb646f.jpg,232,GM,Armenia,2975,142,66,14,62,8706,4219,762,3725,0.5140845070422535,armenia,https://flagcdn.com/h20/armenia.png
Oleksandr_Bortnyk,Oleksandr Bortnyk,https://images.chesscomfiles.com/uploads/v1/user/28168290.451f25f9.200x200o.8f240686cf4e.jpg,39,GM,United States,3130,712,319,67,326,15133,10568,1522,3043,0.4950842696629213,united states,https://flagcdn.com/h20/united states.png
OparinGrigoriy,Grigoriy Oparin,https://images.chesscomfiles.com/uploads/v1/user/3952699.32551ce3.200x200o.ff1c21155ff0.jpeg,97,GM,United States,3047,65,26,7,32,8383,5081,1197,2105,0.4538461538461538,united states,https://flagcdn.com/h20/united states.png
Parhamov,Parham Maghsoodloo,https://images.chesscomfiles.com/uploads/v1/user/32230490.26c10df6.200x200o.7bb7031c30e8.jpg,21,GM,Iran,3150,413,195,34,184,8886,4560,948,3378,0.513317191283293,iran,https://flagcdn.com/h20/iran.png
Philippians46,Andy Woodward,https://images.chesscomfiles.com/uploads/v1/user/207852275.b5fd5b9c.200x200o.2658380fdb00.png,14,GM,United States,3171,1,1,0,0,2505,1408,257,840,1.0,united states,https://flagcdn.com/h20/united states.png
Polish_fighter3000,Jan-Krzysztof Duda,https://images.chesscomfiles.com/uploads/v1/user/47485766.de241c41.200x200o.7b706ebf58e7.jpeg,37,GM,Poland,3132,91,50,10,31,5002,3080,573,1349,0.6043956043956044,poland,https://flagcdn.com/h20/poland.png
PursuitOfHappyness2,Abhimanyu Mishra,https://images.chesscomfiles.com/uploads/v1/user/49788594.25ff3d86.200x200o.4a9380e9fd18.png,35,GM,United States,3136,193,91,21,81,1238,670,158,410,0.5259067357512953,united states,https://flagcdn.com/h20/united states.png
QuesadaLuisE,Luis Ernesto Quesada Pérez,https://images.chesscomfiles.com/uploads/v1/user/402153977.5b04a41e.200x200o.89847a2c3b3d.jpg,196,GM,Cuba,2996,94,56,3,35,433,291,23,119,0.6117021276595744,cuba,https://flagcdn.com/h20/cuba.png
RaunakSadhwani2005,Raunak Sadhwani,https://images.chesscomfiles.com/uploads/v1/user/61085366.7e6977ec.200x200o.fa27239336b6.jpeg,25,GM,India,3146,47,18,7,22,3500,1873,523,1104,0.4574468085106383,india,https://flagcdn.com/h20/india.png
Reader777,Read Samadov,https://images.chesscomfiles.com/uploads/v1/user/23579934.435e3768.200x200o.3916fc4666f3.jpeg,200,IM,Iceland,2995,177,77,26,74,8785,4061,1111,3613,0.5084745762711864,iceland,https://flagcdn.com/h20/iceland.png
Robert_Chessmood,Robert Hovhannisyan,https://images.chesscomfiles.com/uploads/v1/user/33193257.81247660.200x200o.397918768511.jpeg,162,GM,Armenia,3006,118,62,19,37,6759,2633,1150,2976,0.6059322033898306,armenia,https://flagcdn.com/h20/armenia.png
RobertoJBM,Roberto Junio Brito Molina,https://images.chesscomfiles.com/uploads/v1/user/23921402.a5553189.200x200o.1e338b92f90c.png,234,IM,Brazil,2975,646,298,93,255,20343,10130,2859,7354,0.5332817337461301,brazil,https://flagcdn.com/h20/brazil.png
Rsnr,Arsene Kukhmazov,https://images.chesscomfiles.com/uploads/v1/user/28030170.df5f1e03.200x200o.5dd5b1b512ed.jpg,94,IM,Russia,3050,318,155,46,117,12078,5992,1641,4445,0.559748427672956,russia,https://flagcdn.com/h20/russia.png
Rud_Makarian,Rudik Makarian,https://images.chesscomfiles.com/uploads/v1/user/64925746.687b0c9f.200x200o.14deca7f7dc1.jpg,36,IM,Russia,3134,1216,559,152,505,27332,13890,3636,9806,0.522203947368421,russia,https://flagcdn.com/h20/russia.png
SGchess01,Szymon Gumularz,,109,GM,Poland,3037,267,134,36,97,13987,7210,1879,4898,0.5692883895131086,poland,https://flagcdn.com/h20/poland.png
SPEEDSKATER,Nicolas Checa,https://images.chesscomfiles.com/uploads/v1/user/1680974.3ccd61c3.200x200o.a3414c94398d.jpeg,248,GM,United States,2962,3,0,0,3,8107,4490,947,2670,0.0,united states,https://flagcdn.com/h20/united states.png
Salem-AR,Salem AR Saleh,https://images.chesscomfiles.com/uploads/v1/user/27168196.a7e8c448.200x200o.5971d272bf8c.jpg,59,GM,United Arab Emirates,3096,536,258,46,232,11053,5668,1074,4311,0.5242537313432836,united arab emirates,https://flagcdn.com/h20/united arab emirates.png
Sam_ChessMood,Samvel Ter-Sahakyan,https://images.chesscomfiles.com/uploads/v1/user/34737498.bb196000.200x200o.2aa2d5edfed0.jpg,203,GM,Armenia,2993,91,37,19,35,3599,1911,578,1110,0.510989010989011,armenia,https://flagcdn.com/h20/armenia.png
Sanan_Sjugirov,Sanan Sjugirov,https://images.chesscomfiles.com/uploads/v1/user/19832534.52e9d60d.200x200o.9f9d87575c9c.jpeg,49,GM,Hungary,3115,127,56,14,57,12269,6815,1549,3905,0.4960629921259842,hungary,https://flagcdn.com/h20/hungary.png
Sardaukar-2,Dmytro Danylenko,https://images.chesscomfiles.com/uploads/v1/user/41449556.c4d25094.200x200o.41e13cfc2586.jpg,233,IM,Ukraine,2975,27,14,1,12,1397,801,128,468,0.5370370370370371,ukraine,https://flagcdn.com/h20/ukraine.png
Sargsyan_Shant,Shant Sargsyan,https://images.chesscomfiles.com/uploads/v1/user/28234198.2be8ab34.200x200o.3b8860366115.jpg,130,GM,Armenia,3024,14,7,1,6,782,500,98,184,0.5357142857142857,armenia,https://flagcdn.com/h20/armenia.png
SeanWinshand,Sean Winshand,https://images.chesscomfiles.com/uploads/v1/user/57549096.b48504be.200x200o.4f2d0efb44bb.jpg,151,GM,Indonesia,3011,402,184,57,161,5513,3473,639,1401,0.5286069651741293,indonesia,https://flagcdn.com/h20/indonesia.png
Semyon_Khanin,Semen Khanin,https://images.chesscomfiles.com/uploads/v1/user/29942350.c0d25439.200x200o.ae846fd452cf.jpg,74,GM,United States,3079,231,117,35,79,15288,6996,1721,6571,0.5822510822510822,united states,https://flagcdn.com/h20/united states.png
Shankland,Sam Shankland,https://images.chesscomfiles.com/uploads/v1/user/1864525.ea1d9577.200x200o.54fd70467174.jpg,198,GM,United States,2996,78,33,10,35,4736,2547,695,1494,0.4871794871794871,united states,https://flagcdn.com/h20/united states.png
Shield12,Shamsiddin Vokhidov,,85,GM,Uzbekistan,3063,227,114,24,89,5355,2875,696,1784,0.5550660792951542,uzbekistan,https://flagcdn.com/h20/uzbekistan.png
Sina-Movahed,Sina Movahed,https://images.chesscomfiles.com/uploads/v1/user/429108043.5d448809.200x200o.329b40742875.jpg,16,GM,Iran,3159,923,463,59,401,2329,1370,152,807,0.5335861321776815,iran,https://flagcdn.com/h20/iran.png
Som2310,Jacek Tomczak,https://images.chesscomfiles.com/uploads/v1/user/57436672.cea1e803.200x200o.c3b48846683e.png,184,GM,Poland,3000,153,67,22,64,2094,1160,316,618,0.5098039215686274,poland,https://flagcdn.com/h20/poland.png
StasSB,Stanislav Bukreev,,174,FM,International,3003,340,166,48,126,1515,752,174,589,0.5588235294117647,international,https://flagcdn.com/h20/international.png
SuperPower2011,Henry Edward Tudor,,250,IM,Romania,2961,5,3,0,2,803,418,54,331,0.6,romania,https://flagcdn.com/h20/romania.png
Swiss_Fighter,Gabriel Gähwiler,,160,IM,Switzerland,3007,116,52,12,52,4531,2811,429,1291,0.5,switzerland,https://flagcdn.com/h20/switzerland.png
TRadjabov,Teimour Radjabov,https://images.chesscomfiles.com/uploads/v1/user/18202610.a304129e.200x200o.e17da8feadcc.jpeg,18,GM,Azerbaijan,3156,105,51,10,44,1032,701,116,215,0.5333333333333333,azerbaijan,https://flagcdn.com/h20/azerbaijan.png
Talibovv06,Talibov Shiroghlan,https://images.chesscomfiles.com/uploads/v1/user/75532396.62a74697.200x200o.bdc71aeea659.jpg,191,IM,Azerbaijan,2999,109,44,24,41,7781,3557,939,3285,0.5137614678899083,azerbaijan,https://flagcdn.com/h20/azerbaijan.png
TrahtarBelarus,Artiom Stribuk,https://images.chesscomfiles.com/uploads/v1/user/80460504.5e7a542f.200x200o.cb5cfec68cf7.jpg,190,IM,Belarus,2999,90,46,11,33,3332,1792,337,1203,0.5722222222222222,belarus,https://flagcdn.com/h20/belarus.png
Turboplombir,Sergey Sklokin,https://images.chesscomfiles.com/uploads/v1/user/109684236.3b0c7499.200x200o.70b5d0889f49.jpg,108,FM,International,3038,623,316,58,249,3135,1522,269,1344,0.5537720706260032,international,https://flagcdn.com/h20/international.png
Twitch_ElhamBlitz05,Elham Amar,,56,GM,Norway,3101,1836,902,217,717,23100,12143,2393,8564,0.5503812636165577,norway,https://flagcdn.com/h20/norway.png
Vaathi_Coming,Aravindh Chithambaram,https://images.chesscomfiles.com/uploads/v1/user/55505950.2d2aa403.200x200o.56e6c5be437d.jpg,110,GM,India,3037,76,38,7,31,2002,1268,175,559,0.5460526315789473,india,https://flagcdn.com/h20/india.png
Valentin_Baidetskyi,Valentin Baidetskyi,https://images.chesscomfiles.com/uploads/v1/user/169166443.c4bc9ffa.200x200o.4159d8e095b7.jpg,189,IM,Austria,3000,619,297,68,254,1961,949,193,819,0.5347334410339257,austria,https://flagcdn.com/h20/austria.png
VincentKeymer,Vincent Keymer,https://images.chesscomfiles.com/uploads/v1/user/43194690.01e2e420.200x200o.5b2983036718.jpeg,29,GM,Germany,3141,251,121,18,112,7749,3737,1017,2995,0.5179282868525896,germany,https://flagcdn.com/h20/germany.png
Volodar_Murzin,Volodar Murzin,https://images.chesscomfiles.com/uploads/v1/user/39249762.7e30c1dc.200x200o.a41083f165a5.jpeg,62,GM,International,3094,60,27,9,24,1807,1060,164,583,0.525,international,https://flagcdn.com/h20/international.png
WIDBIFS,Erik Obgolts,https://images.chesscomfiles.com/uploads/v1/user/44566494.403a2865.200x200o.006d92c10cef.jpg,93,IM,International,3050,92,39,18,35,13798,6003,1541,6254,0.5217391304347826,international,https://flagcdn.com/h20/international.png
Yaacovn,Yaacov Norowitz,https://images.chesscomfiles.com/uploads/v1/user/5798507.b8689009.200x200o.6c40d3b5074a.jpeg,235,IM,United States,2973,1366,638,160,568,51340,27998,5049,18293,0.5256222547584187,united states,https://flagcdn.com/h20/united states.png
Zhalmakhanov_Ramazan,Ramazan Zhalmakhanov,,86,GM,Kazakhstan,3061,59,25,7,27,653,371,47,235,0.4830508474576271,kazakhstan,https://flagcdn.com/h20/kazakhstan.png
Zhigalko_Sergei,Sergei Zhigalko,https://images.chesscomfiles.com/uploads/v1/user/26572336.93bb4ad6.200x200o.baa9688f1b6f.jpeg,105,GM,International,3040,142,69,11,62,7371,4615,784,1972,0.5246478873239436,international,https://flagcdn.com/h20/international.png
Zhuu96,Zhamsaran Tsydypov,https://images.chesscomfiles.com/uploads/v1/user/20056540.20f6baba.200x200o.d2889e030340.jpeg,77,GM,Russia,3076,130,58,19,53,3881,2155,433,1293,0.5192307692307693,russia,https://flagcdn.com/h20/russia.png
Zlatan56,Laurent Fressinet,https://images.chesscomfiles.com/uploads/v1/user/21243480.48cc78a5.200x200o.7dd10e02e42b.jpeg,150,GM,France,3012,165,61,30,74,1752,880,282,590,0.4606060606060606,france,https://flagcdn.com/h20/france.png
adotand,Pranav Anand,https://images.chesscomfiles.com/uploads/v1/user/16364482.1959660f.200x200o.b14ed74b00e1.jpg,78,GM,India,3076,317,157,25,135,9849,4669,839,4341,0.5347003154574133,india,https://flagcdn.com/h20/india.png
amintabatabaei,Amin Tabatabaei,https://images.chesscomfiles.com/uploads/v1/user/30494226.99d3ab53.200x200o.59863e92ff4b.jpg,113,GM,Iran,3036,122,55,16,51,12299,5666,1396,5237,0.5163934426229508,iran,https://flagcdn.com/h20/iran.png
artin10862,Artin Ashraf,https://images.chesscomfiles.com/uploads/v1/user/57142804.9f5d4a92.200x200o.4a3156e37f5c.jpg,41,FM,Türkiye,3129,686,307,58,321,9329,4382,624,4323,0.4897959183673469,türkiye,https://flagcdn.com/h20/türkiye.png
artooon,Pranesh M,https://images.chesscomfiles.com/uploads/v1/user/55724226.0ba82cd8.200x200o.daac4ae34c55.jpeg,27,GM,International,3144,117,53,11,53,5028,2239,532,2257,0.5,international,https://flagcdn.com/h20/international.png
bancsoo,Tamas Banusz,https://images.chesscomfiles.com/uploads/v1/user/15590494.f6b4e8a7.200x200o.5414e61809d4.png,58,GM,Hungary,3101,1810,838,214,758,12005,6785,1270,3950,0.5220994475138122,hungary,https://flagcdn.com/h20/hungary.png
bardiya_Daneshvar,Bardiya Daneshvar,https://images.chesscomfiles.com/uploads/v1/user/66657052.30805cd9.200x200o.29171d4bd76f.jpg,146,GM,Iran,3013,39,19,6,14,1132,651,134,347,0.5641025641025641,iran,https://flagcdn.com/h20/iran.png
beautifulbird07,Yannay Ben Ari,https://images.chesscomfiles.com/uploads/v1/user/81079104.bc8ed093.200x200o.7e94e39269d3.jpg,111,IM,Israel,3036,644,306,71,267,1180,585,102,493,0.53027950310559,israel,https://flagcdn.com/h20/israel.png
chenxiaoyuer,Ryo Chen,,166,IM,United States,3004,572,260,67,245,4703,2484,621,1598,0.5131118881118881,united states,https://flagcdn.com/h20/united states.png
chess_master_8820,Radin Yadegar,,218,FM,Iran,2981,110,55,8,47,904,498,71,335,0.5363636363636364,iran,https://flagcdn.com/h20/iran.png
chesterreyes,Chester Neil Reyes,https://images.chesscomfiles.com/uploads/v1/user/37142912.d24075ac.200x200o.f0415dc4ccbd.jpg,229,,Philippines,2976,2,1,0,1,1695,963,123,609,0.5,philippines,https://flagcdn.com/h20/philippines.png
chito89,Axel Bachmann,https://images.chesscomfiles.com/uploads/v1/user/18742574.d1c47e85.200x200o.45f95cee6e2e.jpg,231,GM,Paraguay,2976,154,79,10,65,9164,4931,825,3408,0.5454545454545454,paraguay,https://flagcdn.com/h20/paraguay.png
demon64fields,Oleg Vastrukhin,https://images.chesscomfiles.com/uploads/v1/user/237498001.55d3f287.200x200o.36e477d380e4.jpg,239,IM,Russia,2968,1040,504,115,421,3076,1347,363,1366,0.5399038461538461,russia,https://flagcdn.com/h20/russia.png
dropstoneDP,David Paravyan,https://images.chesscomfiles.com/uploads/v1/user/69192934.19df0418.200x200o.5839b2717eb5.jpeg,96,GM,Russia,3047,274,128,45,101,17889,9303,3466,5120,0.5492700729927007,russia,https://flagcdn.com/h20/russia.png
eljanov,Pavel Eljanov,https://images.chesscomfiles.com/uploads/v1/user/17411344.835ac3fe.200x200o.5e4acd7111ce.jpeg,245,GM,Ukraine,2965,67,39,7,21,13516,5867,1970,5679,0.6343283582089553,ukraine,https://flagcdn.com/h20/ukraine.png
fireheart92,Adhiban Baskaran,https://images.chesscomfiles.com/uploads/v1/user/15668874.bc5e15ab.200x200o.f23515424048.jpeg,170,GM,India,3004,61,29,5,27,2074,939,288,847,0.5163934426229508,india,https://flagcdn.com/h20/india.png
frederiksvane,Frederik Svane,https://images.chesscomfiles.com/uploads/v1/user/38711494.0fd33505.200x200o.dcc5853b4313.jpeg,112,GM,Germany,3036,384,159,47,178,11496,6578,1289,3629,0.4752604166666667,germany,https://flagcdn.com/h20/germany.png
g3god,Sasikiran Krishnan,,205,GM,India,2992,429,199,52,178,6287,2811,818,2658,0.5244755244755245,india,https://flagcdn.com/h20/india.png
gmmoranda,Wojciech Moranda,https://images.chesscomfiles.com/uploads/v1/user/36026466.147175db.200x200o.ef91ce836754.jpeg,168,GM,Poland,3004,2,1,0,1,1329,723,158,448,0.5,poland,https://flagcdn.com/h20/poland.png
gurelediz,Ediz Gürel,https://images.chesscomfiles.com/uploads/v1/user/50386860.8f4bcdc7.200x200o.52a55edd9e84.jpg,6,GM,Türkiye,3226,183,81,23,79,5369,2697,531,2141,0.505464480874317,türkiye,https://flagcdn.com/h20/türkiye.png
h4parah5,Jaime Santos Latasa,,215,GM,Spain,2988,1,0,0,1,1282,766,153,363,0.0,spain,https://flagcdn.com/h20/spain.png
hakanazeri2,Khagan Ahmad,,222,IM,Nauru,2979,379,173,42,164,9932,4447,938,4547,0.5118733509234829,nauru,https://flagcdn.com/h20/nauru.png
howitzer14,David Howell,https://images.chesscomfiles.com/uploads/v1/user/28029696.7d014d88.200x200o.8b2bdd8c4291.jpeg,188,GM,England,3000,609,281,80,248,11374,7639,1217,2518,0.5270935960591133,england,https://flagcdn.com/h20/england.png
igorkovalenko,Igor Kovalenko,https://images.chesscomfiles.com/uploads/v1/user/19872960.0f80f9d5.200x200o.936a5b6bbfa2.jpg,118,GM,Ukraine,3034,666,314,85,267,24597,12705,2639,9253,0.5352852852852853,ukraine,https://flagcdn.com/h20/ukraine.png
ilqar_74,Rustam Rustamov,https://images.chesscomfiles.com/uploads/v1/user/289541317.0e2be1fc.200x200o.f8f3141dc642.jpg,237,FM,Azerbaijan,2972,273,114,38,121,4780,2579,663,1538,0.4871794871794871,azerbaijan,https://flagcdn.com/h20/azerbaijan.png
iturrizaga,Eduardo Iturrizaga Bonelli,https://images.chesscomfiles.com/uploads/v1/user/21442874.e8e8081f.200x200o.8502de65ad72.jpeg,153,GM,Spain,3010,17,6,4,7,1171,698,114,359,0.4705882352941176,spain,https://flagcdn.com/h20/spain.png
jcibarra,José Carlos Ibarra Jerez,https://images.chesscomfiles.com/uploads/v1/user/10956296.cf7a03bb.200x200o.f12d860b0cff.jpeg,195,GM,Spain,2998,524,240,55,229,10234,6540,1048,2646,0.5104961832061069,spain,https://flagcdn.com/h20/spain.png
jefferyx,Jeffery Xiong,https://images.chesscomfiles.com/uploads/v1/user/11474230.1802ddb7.200x200o.60d5d5608100.jpeg,19,GM,United States,3156,155,75,13,67,4856,3237,704,915,0.5258064516129032,united states,https://flagcdn.com/h20/united states.png
joppie2,Jorden Van Foreest,https://images.chesscomfiles.com/uploads/v1/user/5094518.0c33d60a.200x200o.4c3ca924f2cd.png,70,GM,Netherlands,3080,232,115,12,105,12614,6444,1224,4946,0.521551724137931,netherlands,https://flagcdn.com/h20/netherlands.png
klimkoj,Jan Klimkowski,https://images.chesscomfiles.com/uploads/v1/user/25881602.9aab3acb.200x200o.84bcc2d895bb.jpg,192,GM,Poland,2999,180,97,16,67,4833,2582,452,1799,0.5833333333333334,poland,https://flagcdn.com/h20/poland.png
kuli4ik,Mikhail Demidov,https://images.chesscomfiles.com/uploads/v1/user/39801338.fa3948bd.200x200o.67b922df1581.jpeg,219,GM,Russia,2980,476,230,67,179,6091,2778,918,2395,0.5535714285714286,russia,https://flagcdn.com/h20/russia.png
lachesisQ,Ian Nepomniachtchi,https://images.chesscomfiles.com/uploads/v1/user/28417564.288cde61.200x200o.d3c0bb1c1afd.jpg,5,GM,Russia,3232,324,162,35,127,7493,4312,1012,2169,0.5540123456790124,russia,https://flagcdn.com/h20/russia.png
legendisback1,Yagiz Kaan Erdogmus,https://images.chesscomfiles.com/uploads/v1/user/115845378.460a4686.200x200o.f0572fbf14c9.jpeg,50,GM,Türkiye,3112,126,69,16,41,6092,3145,547,2400,0.6111111111111112,türkiye,https://flagcdn.com/h20/türkiye.png
liczner,Łukasz Licznerski,https://images.chesscomfiles.com/uploads/v1/user/19289962.5dd9216e.200x200o.63d384b71e6e.jpeg,164,IM,Poland,3005,101,54,10,37,8303,4180,677,3446,0.5841584158415841,poland,https://flagcdn.com/h20/poland.png
michaelq2d5,Michael Brown,https://images.chesscomfiles.com/uploads/v1/user/16420848.ef34085c.200x200o.67a18a56111c.jpeg,127,GM,United States,3027,33,14,6,13,13151,6793,1634,4724,0.5151515151515151,united states,https://flagcdn.com/h20/united states.png
mind1mover,Vuk Damjanovic,https://images.chesscomfiles.com/uploads/v1/user/319215903.bf8532bc.200x200o.9c72c7018c18.png,148,IM,Serbia,3013,724,357,74,293,10259,5596,918,3745,0.5441988950276243,serbia,https://flagcdn.com/h20/serbia.png
mishanick,Aleksei Sarana,https://images.chesscomfiles.com/uploads/v1/user/17860442.d25fa08e.200x200o.81d6cc6b6581.png,31,GM,Serbia,3140,717,344,74,299,25080,14679,2530,7871,0.5313807531380753,serbia,https://flagcdn.com/h20/serbia.png
mitrabhaa,Mitrabha Guha,https://images.chesscomfiles.com/uploads/v1/user/47092728.33d4b6ed.200x200o.e21b735a39a2.jpeg,80,GM,India,3074,383,190,46,147,6718,3909,625,2184,0.556135770234987,india,https://flagcdn.com/h20/india.png
monomita,Mayank Chakraborty,https://images.chesscomfiles.com/uploads/v1/user/27421320.cf17acdf.200x200o.9a1a4ab66650.jpg,204,IM,India,2993,263,120,46,97,2325,1105,281,939,0.5437262357414449,india,https://flagcdn.com/h20/india.png
moro182,Luca Moroni Jr,https://images.chesscomfiles.com/uploads/v1/user/12610836.d502f3a0.200x200o.8533593834ec.jpeg,89,GM,Italy,3056,492,237,40,215,8489,4705,843,2941,0.5223577235772358,italy,https://flagcdn.com/h20/italy.png
nihalsarin,Nihal Sarin,https://images.chesscomfiles.com/uploads/v1/user/7195919.159050ca.200x200o.883e75faf64e.jpg,30,GM,India,3140,377,188,31,158,27890,16267,2952,8671,0.5397877984084881,india,https://flagcdn.com/h20/india.png
onyshchuk_v,Volodymyr Onyshchuk,,242,GM,Ukraine,2966,11,5,0,6,1055,680,116,259,0.4545454545454545,ukraine,https://flagcdn.com/h20/ukraine.png
penguingm1,Andrew Tang,https://images.chesscomfiles.com/uploads/v1/user/8344034.afe06124.200x200o.bcc27fc3d0b3.gif,213,GM,United States,2988,456,215,31,210,9257,5696,639,2922,0.5054824561403509,united states,https://flagcdn.com/h20/united states.png
platy3,Alan Pichot,https://images.chesscomfiles.com/uploads/v1/user/22639240.1da8984e.200x200o.b0b696b8f6da.jpg,247,GM,Spain,2962,45,20,6,19,4245,2376,532,1337,0.5111111111111111,spain,https://flagcdn.com/h20/spain.png
qsjtgx,Shixu B Wang,https://images.chesscomfiles.com/uploads/v1/user/71611570.4b4a4ae5.200x200o.8ade02229bce.jpg,246,IM,China,2962,146,60,15,71,8125,3812,720,3593,0.4623287671232877,china,https://flagcdn.com/h20/china.png
rasmussvane,Rasmus Svane,https://images.chesscomfiles.com/uploads/v1/user/31622756.a6a3292e.200x200o.51f98e63d668.jpeg,244,GM,Germany,2965,270,128,31,111,8718,5471,1088,2159,0.5314814814814814,germany,https://flagcdn.com/h20/germany.png
rednova1729,Awonder Liang,https://images.chesscomfiles.com/uploads/v1/user/33586923.4c8407a2.200x200o.bd0b8d9dd64a.jpeg,135,GM,United States,3020,35,15,6,14,3097,1670,407,1020,0.5142857142857142,united states,https://flagcdn.com/h20/united states.png
rezamahdavi2008,Reza Mahdavi,https://images.chesscomfiles.com/uploads/v1/user/47732440.153a411f.200x200o.500623b2350a.jpg,206,IM,Iran,2992,233,113,25,95,4387,2471,355,1561,0.5386266094420601,iran,https://flagcdn.com/h20/iran.png
ricky8632200,Kong Xiangrui,https://images.chesscomfiles.com/uploads/v1/user/89433096.7d88f7d4.200x200o.4d6124cea377.jpg,125,,China,3027,13,2,3,8,482,320,33,129,0.2692307692307692,china,https://flagcdn.com/h20/china.png
rpragchess,Praggnanandhaa Rameshbabu,https://images.chesscomfiles.com/uploads/v1/user/28692936.b7d437d6.200x200o.293777c7e9fd.jpeg,11,GM,India,3190,26,14,1,11,2500,1327,243,930,0.5576923076923077,india,https://flagcdn.com/h20/india.png
scarabee43,Marco Materia,,159,IM,France,3007,60,32,5,23,1496,922,170,404,0.575,france,https://flagcdn.com/h20/france.png
sergiochess83,Sergey Grigoriants,https://images.chesscomfiles.com/uploads/v1/user/28463094.26b605cf.200x200o.edcbf77f5656.jpg,187,GM,Hungary,3000,14,7,0,7,8771,3650,1665,3456,0.5,hungary,https://flagcdn.com/h20/hungary.png
sergoy,Sergey Drygalov,https://images.chesscomfiles.com/uploads/v1/user/35982786.ba1b2cfc.200x200o.ffaa0f6252f2.jpg,64,GM,South Korea,3090,442,219,33,190,8572,4768,827,2977,0.5328054298642534,south korea,https://flagcdn.com/h20/south korea.png
shimastream,Aleksandr Shimanov,https://images.chesscomfiles.com/uploads/v1/user/89741588.b9c79037.200x200o.cba6540c8997.jpg,142,GM,Russia,3015,539,251,53,235,7619,4230,852,2537,0.5148423005565863,russia,https://flagcdn.com/h20/russia.png
snowlord,Ivan Yeletsky,https://images.chesscomfiles.com/uploads/v1/user/28088038.24dde6b0.200x200o.a44cc175beb4.jpeg,122,FM,International,3031,101,46,16,39,13286,6501,1569,5216,0.5346534653465347,international,https://flagcdn.com/h20/international.png
spectralsoul,Esteban Valderrama,https://images.chesscomfiles.com/uploads/v1/user/13355618.fa0fcee6.200x200o.8a7a45d77fdc.jpeg,165,IM,Colombia,3005,189,90,14,85,2679,1482,224,973,0.5132275132275133,colombia,https://flagcdn.com/h20/colombia.png
spicycaterpillar,Ray Robson,https://images.chesscomfiles.com/uploads/v1/user/52129472.c1bdd2d7.200x200o.30201b8ea497.jpeg,9,GM,United States,3200,340,156,37,147,5905,3580,615,1710,0.513235294117647,united states,https://flagcdn.com/h20/united states.png
temus_galaktionov,Artem Galaktionov,https://images.chesscomfiles.com/uploads/v1/user/40143446.3c971fff.200x200o.50293427036b.jpeg,173,FM,United Arab Emirates,3003,156,66,23,67,5258,2358,598,2302,0.4967948717948718,united arab emirates,https://flagcdn.com/h20/united arab emirates.png
tigrangharamian,Tigran Gharamian,https://images.chesscomfiles.com/uploads/v1/user/20597950.693261ec.200x200o.c3fc29ce3b09.jpeg,154,GM,France,3010,517,246,71,200,1154,634,149,371,0.5444874274661509,france,https://flagcdn.com/h20/france.png
tptagain,David Anton Guijarro,https://images.chesscomfiles.com/uploads/v1/user/81535436.3987e279.200x200o.2f4f48245e6f.png,207,GM,Spain,2991,876,413,100,363,8526,5005,970,2551,0.5285388127853882,spain,https://flagcdn.com/h20/spain.png
vi_pranav,Pranav V,https://images.chesscomfiles.com/uploads/v1/user/93593240.10fc5f09.200x200o.d1f519160672.jpg,24,GM,India,3146,85,38,8,39,9464,5377,732,3355,0.4941176470588235,india,https://flagcdn.com/h20/india.png
viditchess,Vidit Gujrathi,https://images.chesscomfiles.com/uploads/v1/user/8274000.18a13248.200x200o.7611a9919a1d.jpeg,65,GM,India,3088,60,29,6,25,2178,1278,323,577,0.5333333333333333,india,https://flagcdn.com/h20/india.png
vinniethepooh,Aditya Mittal,https://images.chesscomfiles.com/uploads/v1/user/10128530.35c6574b.200x200o.68df0bde1db5.png,155,GM,India,3010,165,76,14,75,10645,4968,1298,4379,0.503030303030303,india,https://flagcdn.com/h20/india.png
vugarrasulov,Vugar Rasulov,https://images.chesscomfiles.com/uploads/v1/user/26126112.67f512c0.200x200o.739c2f795a21.jpeg,227,GM,Azerbaijan,2977,173,86,12,75,11817,7428,1294,3095,0.5317919075144508,azerbaijan,https://flagcdn.com/h20/azerbaijan.png
wonderfultime,Tuan Minh Le,https://images.chesscomfiles.com/uploads/v1/user/16938404.edc37b62.200x200o.404676e7dc47.webp,28,GM,Vietnam,3143,437,195,41,201,24531,15279,2415,6837,0.4931350114416476,vietnam,https://flagcdn.com/h20/vietnam.png
wudileige,Shanglei Lu,https://images.chesscomfiles.com/uploads/v1/user/46523432.38f0afd3.200x200o.b71389bd424b.jpeg,126,GM,China,3027,9,5,0,4,535,275,84,176,0.5555555555555556,china,https://flagcdn.com/h20/china.png
xamax2000,Max Warmerdam,,238,GM,Netherlands,2972,354,165,51,138,6908,3788,776,2344,0.538135593220339,netherlands,https://flagcdn.com/h20/netherlands.png
xiaotong2008,Xiao Tong,,68,GM,China,3084,388,185,42,161,3749,1812,451,1486,0.5309278350515464,china,https://flagcdn.com/h20/china.png
yavrukurt40,Dincer Tasdogen,,172,FM,Türkiye,3003,16,9,0,7,1056,512,104,440,0.5625,türkiye,https://flagcdn.com/h20/türkiye.png
yosephtaher,Yoseph Theolifus Taher,https://images.chesscomfiles.com/uploads/v1/user/6002986.1775e777.200x200o.d57654f1bb6a.jpeg,147,IM,Indonesia,3013,497,220,76,201,5271,3659,509,1103,0.5191146881287726,indonesia,https://flagcdn.com/h20/indonesia.png
zvonokchess1996,Nikita Petrov,https://images.chesscomfiles.com/uploads/v1/user/26345508.e730aed7.200x200o.3e09c520b385.jpeg,123,GM,Montenegro,3030,16,9,1,6,2043,1222,232,589,0.59375,montenegro,https://flagcdn.com/h20/montenegro.png
